[{"@type":"mappingTemplate","id":"@1","name":"PhotoDataRead","description":"","autoExpireObject":false,"bundleVersion":"0","assetFrsGuid":"0juDbtRgYeHkxG917wywS1","templateId":"@3","deployTime":1736241685000,"hasParameters":false,"valid":true,"fixedConnection":true,"hasParametersDeployed":false,"fixedConnectionDeployed":true,"isSchemaValidationEnabled":false,"tasks":0,"mappingPreviewFileRecordId":"@2","documentType":"MAPPING","references":[{"@type":"reference","refObjectId":"@dvrISU7c4mPioQRakFCZST","refType":"connection"}]}]